{"stats":{"minecraft:picked_up":{"minecraft:oak_log":11,"minecraft:wheat_seeds":1,"minecraft:dirt":1,"minecraft:rose_bush":1},"minecraft:used":{"alexsmobs:animal_dictionary":1,"epicfight:skillbook":1},"minecraft:mined":{"minecraft:grass_block":1,"minecraft:grass":4,"minecraft:oak_log":11,"minecraft:rose_bush":1},"minecraft:custom":{"minecraft:jump":1,"minecraft:crouch_one_cm":390,"minecraft:time_since_rest":2924,"minecraft:sprint_one_cm":2280,"minecraft:play_time":2924,"minecraft:damage_taken":100,"minecraft:time_since_death":2924,"minecraft:walk_one_cm":10137,"minecraft:sneak_time":55,"minecraft:total_world_time":2924,"minecraft:fall_one_cm":293,"minecraft:fly_one_cm":195},"minecraft:crafted":{"minecraft:oak_planks":24}},"DataVersion":3465}